<?xml version="1.0" encoding="utf-8"?>
<extension type="module" version="1.5.0">
    <name>Custom menu</name>
    <author>Iblesoft</author>
    <version>3.8</version>
    <description>Custom menu</description>
    <files>
	<filename>mod_custommenu.xml</filename>
	<filename module="mod_custommenu">mod_custommenu.php</filename>
	<filename>index.html</filename>
	<filename>helper.php</filename>
	<filename>tmpl/default.php</filename>
	<filename>tmpl/index.html</filename>
    </files>
	<config>
		<fields name="params">		
		  <fieldset name="basic">  		
		  <!--<field name="accounttitle" type="text" default="mi cuenta" label="Account Title" description="" size="15" />-->
          </fieldset>			
		</fields>	
	</config>
</extension>